name,seq,label
>sp|Q86WB0|S|395,TRPVTRSMGTGDTPGLEVPSSPLRKAKRARLCSSSSSDTSS,1
>sp|P42695|T|1415,YSLEQESNGEIEHVTKRAISTPEKSISDVTFGAGVSYIGTP,1
>sp|Q9ULW0|T|72,GGLFQGKTPLRKANLQQAIVTPLKPVDNTYYKEAEKENLVE,1
>sp|Q9H1A4|S|688,MGYNTDRLAWTRNFDFEGSLSPVIAPKKARPSETGSDDDWE,1
>sp|P04637|S|33,PLSQETFSDLWKLLPENNVLSPLPSQAMDDLMLSPDDIEQW,1
>sp|P11387|S|394,KRRIMPEDIIINCSKDAKVPSPPPGHKWKEVRHDNKVTWLV,1
>sp|Q16512|S|916,SGRTDVSNFDEEFTGEAPTLSPPRDARPLTAAEQAAFLDFD,1
>sp|P23769|T|176,VASLTPTAAHSGSHLFGFPPTPPKEVSPDPSTTGAASPASS,1
>sp|P20248|S|154,LPGPRKPLVPLDYPMDGSFESPHTMDMSIILEDEKPVSVNE,1
>sp|Q12906|S|382,STTYAITPMKRPMEEDGEEKSPSKKKKKIQKKEEKAEPPQA,1
>sp|Q0VD86|S|191,ATYPQEEDRFLTPGRAQLLWSPWSPLDQEEACASRQLHSLA,1
>sp|P48681|T|315,LSLEVATYRTLLEAENSRLQTPGGGSKTSLSFQDPKLELQF,1
>sp|Q13285|S|203,YLYPAFPGRAIKSEYPEPYASPPQPGLPYGYPEPFSGGPNV,1
>sp|Q06413|S|396,QSSNLSLPSTQSLNIKSEPVSPPRDRTTTPSRYPQHTRHEA,1
>sp|P30304|S|116,ENLENPMRRIHSLPQKLLGCSPALKRSHSDSLDHDIFQLID,1
>sp|P27816|T|892,TTTLSGTAPAAGVVPSRVKATPMPSRPSTTPFIDKKPTSAK,1
>sp|Q13136|T|701,IPPYPASSLASSSPPGSGRSTPRRIPHSPAREVDRLGVMTL,1
>sp|Q9NP87|S|372,CRLQDQGLILYHQHQHSCCESPTRLAQQSHMDAFERSFCIF,1
>sp|P29474|S|114,CTPRRCLGSLVFPRKLQGRPSPGPPAPEQLLSQARDFINQY,1
>sp|Q00535|S|47,HEIVALKRVRLDDDDEGVPSSALREICLLKELKHKNIVRLH,1
>sp|Q16659|S|688,FLFNKQLESIGIPQFHSPVGSPLKSIQATLTPSAMKSSPQI,1
>sp|Q03188|T|734,KQSKVIPKNRIHHKLVLPSNTPNVRRTKRTRLKPLEYWRGE,1
>sp|Q00987|S|166,KPSSSHLVSRPSTSSRRRAISETEENSDELSGERQRKRHKS,1
>sp|P42224|S|727,ISVSEVHPSRLQTTDNLLPMSPEEFDEVSRIVGSVEFDSMM,1
>sp|Q14241|S|311,VVSREKSHKALSKEENRRPPSGDNAREKPPSSGVKKEKDRE,1
>sp|Q14106|S|254,SLSMHSLNFITANPAPQSQLSPNAKEFVYNGGGSPSLFFDA,1
>sp|P25205|T|722,GDSYDPYDFSDTEEEMPQVHTPKTADSQETKESQKVELSES,1
>sp|Q9H8V3|Q|342,PFEPSKKLYVVKQEWFWGSIQMDARAGETMYLYEKANTPEL,1
>sp|P30291|S|123,DEAGGGAEGDSWEEEGFGSSSPVKSPAAPYFLGSSFSPVRC,1
>sp|Q6PKG0|S|774,LFGAPEPSTIARSLPTTVPESPNYRNTRTPRTPRTPQLKDS,1
>sp|Q96RL1|S|677,EEAGCSREMQSSFTRRDLNESPVKSFVSISEATDCLVDFKK,1
>sp|P10244|S|577,LIIEDDIRPEKQKRKPGLRRSPIKKVRKSLALDIVDEDVKL,1
>sp|Q14202|T|826,PVKTRSAPTAPTPPPPPPPATPRKNKAAMCKPLMQNRGVSC,1
>sp|O00311|T|376,TDKVCSICLSRRQQVAPRAGTPGFRAPEVLTKCPNQTTAID,1
>sp|Q69YH5|T|412,RVTFGEDLSPEVFDESLPANTPLRKGGTPVCKKDFSGLSSL,1
>sp|P61978|S|284,MPPGRGGRPMPPSRRDYDDMSPRRGPPPPPPGRGGRGGSRA,1
>sp|O60566|S|670,EDQQTACGTIYSQTLSIKKLSPIIEDSREATHSSGFSGSSA,1
>sp|P33991|T|110,LTYGTPSSRVEGTPRSGVRGTPVRQRPDLGSAQKGLQVDLQ,1
>sp|Q96QB1|S|642,ISVCSSSNLAGNDDSFGSLPSPKELSSFSFSMKGHEKTAKS,1
>sp|P15036|S|220,TEQAPYGMQTQNYPKGGLLDSMCPASTPSVLSSEQEFQMFP,1
>sp|P21333|S|1630,PDVTGRYTILIKYGGDEIPFSPYRVRAVPTGDASKCTVTVS,1
>sp|P08621|S|226,VNIRHSGRDDTSRYDERPGPSPLPHRDRDRDRERERRERSR,1
>sp|Q7Z2Z1|T|969,LDNFKKNKGYHKLLTKSVAETPVHKQISKRLLHRQIKGRSS,1
>sp|Q13428|S|583,AVAPAQEKSLGNILQAKPTSSPAKGPPQKAGPVAVQVKAEK,1
>sp|Q8TD19|T|210,IKLGDYGLAKKLNSEYSMAETLVGTPYYMSPELCQGVKYNF,1
>sp|Q9BQA1|S|264,STSCVLSSAVHSQCVTGLVFSPHSVPFLASLSEDCSLAVLD,1
>sp|P35611|S|355,AGGPDNLVLLNPEKYKAKSRSPGSPVGEGTGSPPKWQIGEQ,1
>sp|Q8NHV4|T|550,KPENEIEAQLICEPPINGSSTPNPKIASSVTAGVASSLSEK,1
>sp|Q5S007|S|1627,MAQILTVKVEGCPKHPKGIISRRDVEKFLSKKRKFPKNYMS,1
>sp|Q15596|S|487,MNSPSQSSPGMNPGQPTSMLSPRHRMSPGVAGSPRIPPSQF,1
>sp|O95835|T|490,GNRASHSANSQPSATTVTAITPAPIQQPVKSMRVLKPELQT,1
>sp|Q14CB8|T|404,PESAKKKQLIRQFNKQSLTQTPGREPSTSQVQKRARSRSFS,1
>sp|Q6PKG0|T|303,ANRGEIKGSESATYVPVAPPTPAWQPEIKPEPAWHDQDETS,1
>sp|O14745|S|302,RPALVRSASSDTSEELNSQDSPPKQDSTAPSSTSSSDPILD,1
>sp|P17096|T|78,RGRPKGSKNKGAAKTRKTTTTPGRKPRGRPKKLEKEEEEGI,1
>sp|Q9H1A4|S|547,RPSTPLDGVSTPKPLSKLLGSLDEVVLLSPVPELRDSSKLH,1
>sp|P10244|T|444,TENSTSLSFLDSCNSLTPKSTPVKTLPFSPSQFLNFWNKQD,1
>sp|P07814|S|999,QKQNDGQRKDPSKNQGGGLSSSGAGEGQGPKKQTRLGLEAK,1
>sp|Q16513|S|535,ATWGRLVRRAIPTVNHSGTFSPQAPVPTTVPVVDVRIPQLA,1
>sp|Q08050|T|611,SQEVGGPFKTPIKETLPISSTPSKSVLPRTPESWRLTPPAK,1
>sp|P82970|T|31,DMRQEPKRRSARLSAMLVPVTPEVKPKRTSSSRKMKTKSDM,1
>sp|Q9NQR1|S|100,RPRTDGENVFTGQSKIYSYMSPNKCSGMRFPLQEENSVTHH,1
>sp|Q8IZL8|S|477,ALLTHLLSDISPPADALKLRSPRGSPDGSLQTGKPSAPKKL,1
>sp|Q03468|T|1031,DASQSTETSAIFAGTGSDVQTPKCHLKRRIQPAFGADHDVP,1
>sp|Q9ULW0|S|486,ILEDVVGVPEKKVLPITVPKSPAFALKNRIRMPTKEDEEED,1
>sp|O15350|T|86,NLLSSTMDQMSSRAASASPYTPEHAASVPTHSPYAQPSSTF,1
>sp|Q8TDN4|S|313,ETLEDIEENAPLRRCRTLSGSPRPKNFKKIHFIKNMRQHDT,1
>sp|Q8N122|S|696,SNFCTVALQFIEEEKNYALPSPATTEGGSLTPVRDSPCTPR,1
>sp|Q8IWU2|S|1450,SKTTSNLLSSKPSLQTSKYFSPPPPARSTEQSWPHSAPYSR,1
>sp|P18858|S|51,TEPPPKAALKEWNGVVSESDSPVKRPGRKAARVLGSEGEEE,1
>sp|Q7Z2Z1|S|1001,HRQIKGRSSDPGPDIGVVEESPEKGDEISLRRSPRIKQLSF,1
>sp|Q07666|T|317,PPPVPRGRGVGPPRGALVRGTPVRGAITRGATVTRGVPPPP,1
>sp|O00562|T|287,EAQPPGKPSTEARSAASNTGTPDGPEAPPGPDASPDASFGK,1
>sp|Q15788|S|325,REPSYARQLFQEVMTRGTASSPSYRFILNDGTMLSAHTKCK,1
>sp|Q9H2G4|T|340,NMVIVKEFQRNRSGRLVSHSTPIRWHRGQEPQARRHGNQDA,1
>sp|Q86XL3|S|528,RYGGSPRDPVLTLRAFAGPLSPAKAEDFRKLWKTPPREKAG,1
>sp|O94761|S|251,GAGSQGPEASAFQEVSIRVGSPQPSSSGGEKRRWNEEPWES,1
>sp|Q08050|T|510,PAPSFKEESSHSWEDSSQSPTPRPKKSYSGLRSPTRCVSEM,1
>sp|P33981|S|436,VNTEQKHTTFEQPVFSVSKQSPPISTSKWFDPKSICKTPSS,1
>sp|Q96C19|S|74,ELSAKLLRRADLNQGIGEPQSPSRRVFNPYTEFKEFSRKQI,1
>sp|Q08999|S|952,IKGKRKRRNSGSSDSRSHQNSPTELNKDRTSRDSSPVMRSS,1
>sp|Q01094|S|403,LLEHVREDFSGLLPEEFISLSPPHEALDYHFGLEEGEGIRD,1
>sp|Q99728|S|251,SKEESKQKLVSFCSQPSVISSPQINGEIDLLASGSLTESEC,1
>sp|Q14244|S|209,KYVDPVISKRLSSSSATLLNSPDRARRLQLSPWESSVVNRL,1
>sp|Q96IF1|S|175,SRPCSNRTSGISMGYDQRHGSPLPAGPCLFGPPLAGAPAGY,1
>sp|P40763|S|727,KTKFICVTPTTCSNTIDLPMSPRTLDSLMQFGNNGEGAEPS,1
>sp|Q99607|T|643,SLLMAEPSVTTSGSLLTRSPTPAPFSPFNPTSLIKMEPHDI,1
>sp|Q15796|S|255,QQLNQSMDTGSPAELSPTTLSPVNHSLDLQPVTYSEPAFWC,1
>sp|O75533|T|354,RKSRWDETPASQMGGSTPVLTPGKTPIGTPAMNMATPTPGH,1
>sp|P46060|T|409,EEEEEEEEEPQQRGQGEKSATPSRKILDPNTGEPAPVLSSP,1
>sp|P42677|S|27,LLHPSPEEEKRKHKKKRLVQSPNSYFMDVKCPGCYKITTVF,1
>sp|Q9UPP1|S|880,DDPALKSRPKKKKNSDDAPWSPKARVTPTLPKQDRPVREGT,1
>sp|P26358|S|954,RVGDGVYLPPEAFTFNIKLSSPVKRPRKEPVDEDLYPEHYR,1
>sp|P62913|T|47,GESGDRLTRAAKVLEQLTGQTPVFSKARYTVRSFGIRRNEK,1
>sp|P30304|S|283,SLCSSSTRSVLKRPERSQEESPPGSTKRRKSMSGASPKEST,1
>sp|P17480|S|389,EQQRVLGEEKMLNINKKQATSPASKKPAQEGGKGGSEKPKR,1
>sp|Q9UJX2|T|562,TREEGKALLRQILQLRNQGETPTTEVPAPFFLPASLSANNT,1
>sp|Q9UKX7|S|221,HGNSGRNSESESNKVAAETQSPSLFGSTKLQQESTFLFHGN,1
>sp|Q9P270|S|48,NEQLRSRSGAVQGAGSLGPGSPVRAGASIPSSGAASPRGFP,1
>sp|O75553|S|548,SSASHASDPTTDDIFEEGFESPSKSEEQEAPDGSQASSNSD,1
>sp|P49736|S|108,DAYEAEGLALDDEDVEELTASQREAAERAMRQRDREAGRGL,1
>sp|Q9UKY1|T|568,ESPTVGTAQPKQSWNPFPDFTPQKFKEKTAEQLRVLQASFL,1
>sp|Q96FF9|S|181,GRRSCFGFEGLLGAEDLSGVSPVVCSKLTEVPRVCAKPWAP,1
>sp|Q69YN4|S|1759,ESRGGQSNFNRGPLPPLRPLSSTGYRPSPRDRASRGRGGLG,1
>sp|Q9UEY8|S|423,DVEIPATVTAFSFEDDTVPLSPLKYMAQRQQREKTRWLNSP,1
>sp|Q9BXR0|S|139,EVTEEGVRFRSPYDGNETLLSPEKSVQIQNALGSDIIMQLD,1
>sp|Q8IZP0|S|216,TPYKTLEPVKPPTVPNDYMTSPARLGSQHSPGRTASLNQRP,1
>sp|Q9Y2W1|T|874,NNSNNDFQKRNREEEWDPEYTPKSKKYYLHDDREGEGSDKW,1
>sp|P05412|S|73,LRAKNSDLLTSPDVGLLKLASPELERLIIQSSNGHITTTPT,1
>sp|P30305|S|160,RNEQFAIRRFQSMPVRLLGHSPVLRNITNSQAPDGRRKSEA,1
>sp|Q9BTA9|T|457,PMSLTSDASSPRSYVSPRISTPQTNTVPIKPLISTPPVSSQ,1
>sp|Q66K74|S|900,PVAAAKTKGLAGGDRASRPLSARSEPSEKGGRAPLSRKSST,1
>sp|Q96EB6|T|530,ITEKPPRTQKELAYLSELPPTPLHVSEDSSSPERTSPPDSS,1
>sp|Q99638|S|277,DGHFVLATLSDTDSHSQDLGSPERHQPVPQLQAHSTPHPDD,1
>sp|Q96FF9|S|83,IVAHAVEVPAVQSPRRSPRISFFLEKENEPPGRELTKEDLF,1
>sp|P18858|S|76,PGRKAARVLGSEGEEEDEALSPAKGQKPALDCSQVSPPRPA,1
>sp|Q15398|T|329,PKDFMFQPLDGLKTYQVTPMTPRSANAFLTPSYTWTPLKTE,1
>sp|P52292|S|62,KKDDQMLKRRNVSSFPDDATSPLQENRNNQGTVNWSVDDIV,1
>sp|P37802|S|83,CELINALYPEGQAPVKKIQASTMAFKQMEQISQFLQAAERY,1
>sp|Q15648|T|1457,SGSTPKHERGSPSHSKSPAYTPQNLDSESESGSSIAEKSYQ,1
>sp|P15531|S|120,KPGTIRGDFCIQVGRNIIHGSDSVESAEKEIGLWFHPEELV,1
>sp|O75616|S|173,LGVITEKETQVILLDTPGIISPGKQKRHHLELSLLEDPWKS,1
>sp|P10276|S|77,SPATIETQSSSSEEIVPSPPSPPPLPRIYKPCFVCQDKSSG,1
>sp|P54578|T|235,LEAIEDDSVKETDSSSASAATPSKKKSLIDQFFGVEFETTM,1
>sp|Q15910|T|487,YEFRVKESSIIAPAPAEDVDTPPRKKKRKHRLWAAHCRKIQ,1
>sp|P31350|T|33,DPQQLQLSPLKGLSLVDKENTPPALSGTRVLASKTARRIFQ,1
>sp|Q0VD86|S|23,VQDDGVNLIPFAKCSRVVSRSPPPRLPSQSLRPMPQRYGDV,1
>sp|Q16665|S|668,HKETTSATSSPYRDTQSRTASPNRAGKGVIEQTEKSHPRSP,1
>sp|P04150|S|226,KETNESPWRSDLLIDENCLLSPLAGEDDSFLLEGNSNEDCK,1
>sp|P56817|T|252,GGSMIIGGIDHSLYTGSLWYTPIRREWYYEVIIVRVEINGQ,1
>sp|O94782|S|313,LEENQRQTRSKRKATSDTLESPPKIIPKYISENESPRPSQK,1
>sp|P01106|S|62,PPAPSEDIWKKFELLPTPPLSPSRRSGLCSPSYVAVTPFSL,1
>sp|O43683|S|593,EEFLDDSTVWGIRCNKTLAPSPKSPGDFTSAAQLASTPFHK,1
>sp|P06400|T|373,TQRTPRKSNLDEEVNVIPPHTPVRTVMNTIQQLMMILNSAS,1
>sp|O00443|S|259,NGKARTDLEITDSKVSNLQVSPKSEDISKFDWLDLDPLSKP,1
>sp|Q01860|T|34,PPGGGGDGPGGPEPGWVDPRTWLSFQGPPGGPGIGPGVGPG,0
>sp|Q8IX03|T|166,VSGSSSSSKYDPEILKAEIATAKSRVNKLKREMVHLQHELQ,0
>sp|Q14C86|T|125,ENPRLIASSLVAGEKLNQENTQSVIYTVFTSLYGNCIMQED,0
>sp|P15923|S|627,RERNLNPKAACLKRREEEKVSGVVGDPQMVLSAPHPGLSEA,0
>sp|Q12959|T|657,EVGVIPSKRRVEKKERARLKTVKFNSKTRDKGEIPDDMGSK,0
>sp|Q8IWU2|S|289,RNCFLTSDLNVKVGDYGIGFSRYKEDYIETDDKKVFPLRWT,0
>sp|Q9Y2I6|T|360,REILQSLDFSVDEKVNLLELTWALDNELMTVDSAVQQAALA,0
>sp|Q14807|T|355,GSAHSILIANIAPERRFYLDTVSALNFAARSKEVINRPFTN,0
>sp|P41236|S|162,MKRKLHYNEGLNIKLARQLISKDLHDDDEDEEMLETADGES,0
>sp|P49916|T|737,DPGSQKWCTVTKCAGGHDDATLARLQNELDMVKISKDPSKI,0
>sp|Q13177|T|457,VEGEPPYLNENPLRALYLIATNGTPELQNPEKLSPIFRDFL,0
>sp|P51946|T|176,FHLIVHNPYRPFEGFLIDLKTRYPILENPEILRKTADDFLN,0
>sp|Q9Y2I6|T|700,EELHEKSQEVIWGLQEQLQDTARGPEPEQMGLAPCCTQALC,0
>sp|O43583|T|136,TIAKIPRAKKKYVTRVCGLATFEIDLKEAQRFFAQKFSCGA,0
>sp|O00267|S|347,AKRKKFKRPPQRLFDAEKIRSLGGDVASDGDFLIFEGNRYS,0
>sp|Q9ULW0|T|210,AKGRHTVPCMPPAKQKFLKSTEEQELEKSMKMQQEVVEMRK,0
>sp|Q99666|S|588,KHGLQPALLVHWAKYLQKTGSGLNSFYGQLEYIGRSVHYWK,0
>sp|O43395|S|83,VDKLFEAVEEGRSSRHSKSSSDRSRKRELKEVFGDDSEISK,0
>sp|P39748|T|127,AEKQLQQAQAAGAEQEVEKFTKRLVKVTKQHNDECKHLLSL,0
>sp|Q15003|T|558,RVETEHYEEIEDYDYNNPNDTSNFCPGLQAADSDDEDLDDL,0
>sp|Q9H467|S|45,SGLDEVIFSYVLGVLEDLGPSGPSEENFDMEAFTEMMEAYV,0
>sp|Q13415|S|788,KNSSVLEQSFLRAILAEFRRSGLEEATFQQIYSQHVALCRM,0
>sp|Q8N122|S|469,ALDLLGRFLDLGPWAVSLALSVGIFPYVLKLLQSSARELRP,0
>sp|Q9Y6Q9|S|1230,MQPQVSSQQGFLNAQMVAQRSRELLSHHFRQQRVAMMMQQQ,0
>sp|P55211|S|382,WYVETLDDIFEQWAHSEDLQSLLLRVANAVSVKGIYKQMPG,0
>sp|Q99661|S|551,GQNKAHTPFRESKLTQVLRDSFIGENSRTCMIATISPGISS,0
>sp|Q5S007|S|778,VELLLNSGSREQDVRKALTISIGKGDSQIISLLLRRLALDV,0
>sp|P24928|T|674,HISYLEMGHDITRLFYSNIQTVINNWLLIEGHTIGIGDSIA,0
>sp|Q5S007|S|2350,FTIQKLIETRTSQLFSYAAFSDSNIITVVVDTALYIAKQNS,0
>sp|P07814|S|386,RTGNKYNVYPTYDFACPIVDSIEGVTHALRTTEYHDRDEQF,0
>sp|P17480|S|329,CAELMANMKDVPSTERMVLCSQQWKLLSQKEKDAYHKKCDQ,0
>sp|Q8IWB6|S|776,NIEQILDEVEMKQKEQEERMSLWATSREFTNAYKLPLAVGP,0
>sp|Q92879|S|99,LHNMKVLPGMHHPIQMKPADSEKNNAVEDRKLFIGMISKKC,0
>sp|P29474|S|125,FPRKLQGRPSPGPPAPEQLLSQARDFINQYYSSIKRSGSQA,0
>sp|Q99661|S|467,KMIDMGSACRTSGQTFANSNSSRSHACFQIILRAKGRMHGK,0
>sp|P19532|S|406,GTILKASVDYIRKLQKEQQRSKDLESRQRSLEQANRSLQLR,0
>sp|Q14978|S|55,AKATGATQQDANASSLLDIYSFWLKSAKVPERKLQANGPVA,0
>sp|O60701|T|454,KPAFIFDGRRVLDGLHNELQTIGFQIETIGKKVSSKRIPYA,0
>sp|Q14191|T|1286,FQEKKMPLKSIAESRILPLMTIGMHLSQAVKAGCPLDLERA,0
>sp|O15392|S|81,FKELEGWEPDDDPIEEHKKHSSGCAFLSVKKQFEELTLGEF,0
>sp|P26368|T|280,KLFIGGLPNYLNDDQVKELLTSFGPLKAFNLVKDSATGLSK,0
>sp|O14980|S|802,DAVLIDYQRNVPAAREPEVLSTMAIIVNKLGGHITAEIPQI,0
>sp|P18858|S|649,KKQIQPFQVLTTRKRKEVDASEIQVQVCLYAFDLIYLNGES,0
>sp|P23921|S|142,DIVLANKDRLNSAIIYDRDFSYNYFGFKTLERSYLLKINGK,0
>sp|Q01581|S|348,SQKTKASLLVSNQNGNMYTSSVYGSLASVLAQYSPQQLAGK,0
>sp|O15516|T|534,FQFSAQLGAMQHLKDQLEQRTRMIEANIHRQQEELRKIQEQ,0
>sp|Q9BPX3|T|77,VVYKREPAVERVIEFAAKFVTSFHQSDMEDDEEEEDGGLLN,0
>sp|Q13535|S|1038,GKQLNVNRREILINNFKYIFSHLVCSCSKDELERALHYLKN,0
>sp|P00533|T|678,LVVALGIGLFMRRRHIVRKRTLRRLLQERELVEPLTPSGEA,0
>sp|Q13136|T|215,ELGATHKELMILKEQNNQKKTLTDGVLDINHEQENTPSTSG,0
>sp|Q9UQR0|T|233,FDYWCKYDSRDIFPAGWCRLTGDVLQPPGTSVPIVKNIAKT,0
>sp|P05067|T|152,KCKFLHQERMDVCETHLHWHTVAKETCSEKSTNLHDYGMLL,0
>sp|Q13042|T|513,GNFENAVDYFHTALGLRRDDTFSVTMLGHCIEMYIGDSEAY,0
>sp|Q2NKX8|S|603,RLITCGTVEEKIYRRQVFKDSLIRQTTGEKKNPFRYFSKQE,0
>sp|Q8IX03|S|108,WRREQEHMLKDYLVVAQEALSAQKEIYQVKQQRLELAQQEY,0
>sp|O94916|S|892,SENTLSNQQQQQQQQQQVMESSAAMVMEMQQSICQAAAQIQ,0
>sp|O00267|T|233,KSVVAPEHVKGYIYVEAYKQTHVKQAIEGVGNLRLGYWNQQ,0
>sp|Q96PY5|S|103,LKGYLDPAVTRKKFRRRVQESTQVLRELEISLRTNHIGWVR,0
>sp|O60610|T|816,CFWTKVKEDRFENNELFAKLTLTFSAQTKTSKAKKDQEGGE,0
>sp|Q14191|T|233,AATDAYAGFIIYRNLEILDDTVQRFAINKEEEILLSDMNKQ,0
>sp|Q16555|S|486,GRYIPRKPFPDFVYKRIKARSRLAELRGVPRGLYDGPVCEV,0
>sp|P61978|T|70,QSKNAGAVIGKGGKNIKALRTDYNASVSVPDSSGPERILSI,0
>sp|Q13586|T|197,TVLKMTDRSHRQKLQLKALDTVLFGPPLLTRHNHLKDFMLV,0
>sp|Q15003|T|248,NNLNVSEADRKCEIDPMFQKTAASFDECSTAGVFLSTLHCQ,0
>sp|P49768|T|99,AKHVIMLFVPVTLCMVVVVATIKSVSFYTRKDGQLIYTPFT,0
>sp|O15516|T|88,MDKSTVLQKSIDFLRKHKEITAQSDASEIRQDWKPTFLSNE,0
>sp|Q5JTV8|S|483,QELSNGFKNGQNAAVVHRFESFPAGSTLIFYKYCDHENAAF,0
>sp|Q15796|T|197,PVLVPRHTEILTELPPLDDYTHSIPENTNFPAGIEPQSNYI,0
>sp|P29474|S|508,TGITRKKTFKEVANAVKISASLMGTVMAKRVKATILYGSET,0
>sp|Q03112|S|389,IHSSVKPFICEVCHKSYTQFSNLCRHKRMHADCRTQIKCKD,0
>sp|Q9BW19|S|246,LVQELQKKQVELQEERRGLMSQLEEKERRLQTSEAALSSSQ,0
>sp|Q13136|T|627,RDTLLSSVDLLSPSGQADAHTLAMMLQEQLDAINKEIRLIQ,0
>sp|Q8NEL9|S|677,IFHPTDPVAYRLEPLILKHYSNISPVQIHWYNTSNPLPYEH,0
>sp|P36956|S|486,DSKAKPEQRPSLHSRGMLDRSRLALCTLVFLCLSCNPLASL,0
>sp|P35251|S|662,SSFKAALLSGPPGVGKTTTASLVCQELGYSYVELNASDTRS,0
>sp|Q12948|S|24,RYSVSSPNSLGVVPYLGGEQSYYRAAAAAAGGGYTAMPAPM,0
>sp|P42224|S|560,TRFCKENINDKNFPFWLWIESILELIKKHLLPLWNDGCIMG,0
>sp|Q13042|T|359,AYGHSFAVESEHDQAMAAYFTAAQLMKGCHLPMLYIGLEYG,0
>sp|Q5S007|S|816,LDVANNSICLGGFCIGKVEPSWLGPLFPDKTSNLRKQTNIA,0
>sp|Q9Y6Q9|S|53,GEKRRREQESKYIEELAELISANLSDIDNFNVKPDKCAILK,0
>sp|Q8IZL8|T|204,LLGLRPECEQSALEGMKACMTYFPRACGSLKGKLASFFLSR,0
>sp|Q5S007|T|1503,RDYHFVNATEESDALAKLRKTIINESLNFKIRDQLVVGQLI,0
>sp|Q15554|S|217,KLVKEAAVIICIKNKEFEKASKILKKHMSKDPTTQKLRNDL,0
>sp|Q96QB1|S|1167,ADMLKQYFRDLPEPLMTNKLSETFLQIYQYVPKDQRLQAIK,0
>sp|P47736|T|367,PPLPDPAVFRKGPEFQEFLLTKLINAEYACYKAEKFAKLEE,0
>sp|Q99666|S|679,AVNGNIEDAVTAFESIKSVVSYWNLALIFHRKAEDIENDAL,0
>sp|Q9Y210|S|389,AIKYEVKKFVAHPNCQQQLLSIWYENLSGLRQQTMAVKFLV,0
>sp|Q16513|S|289,DLLKYSLEQRLNEVPKNHPKSRIIIEELSLVAASPTLSPRQ,0
>sp|Q02363|T|108,LHHQRPGQNQASRTPLTTLNTDISILSLQASEFPSELMSND,0
>sp|P49418|S|74,TRLQRELRGYLAAIKGMQEASMKLTESLHEVYEPDWYGRED,0
>sp|P13639|S|802,FVVKAYLPVNESFGFTADLRSNTGGQAFPQCVFDHWQILPG,0
>sp|P62136|S|129,AYKIKYPENFFLLRGNHECASINRIYGFYDECKRRYNIKLW,0
>sp|Q96JH7|S|909,AEKEMYSLCLLATLMGEDVWSYAKGLPHMFQQGGVFYSIMK,0
>sp|Q9BYG3|T|34,LNPQEDVEFQKEVAQVRKRITQRKKQEQLTPGVVYVRHLPN,0
>sp|Q9UKX7|S|166,ASSKACVGNAYHKQLAALNCSVRDWIVKHVNTNPLCDLTPI,0
>sp|Q02880|T|1124,ESDPVKAWKEAQEKAAEEDETQNQHDDSSSDSGTPSGPDFN,0
>sp|P39748|S|323,EEELIKFMCGEKQFSEERIRSGVKRLSKSRQGSTQGRLDDF,0
>sp|P42695|T|973,EDVAVRNNVIIVMCDLCIRYTIMVDKYIPNISMCLKDSDPF,0
>sp|P55211|T|91,PLFISCLEDTGQDMLASFLRTNRQAAKLSKPTLENLTPVVL,0
>sp|Q96II8|S|46,PGVHCGPSSGAGPGFGPGSWSRSLDRALEEAAVTGVLSLSG,0
>sp|Q8WUM0|T|969,AHATLLGLANMETRYFAKKKTLLGLSKLAALASDFSEDMLQ,0
>sp|Q9HCH0|T|1024,PNTGLGQVQGQLAGMYQGADTFMQQLLNRVDGKELPSKSWR,0
>sp|P05067|T|478,MARVEAMLNDRRRLALENYITALQAVPPRPRHVFNMLKKYV,0
>sp|Q86XL3|S|730,TLAGKRPKAPRGEEAHLPPVSDLTVEFDKLNLQNIGRSVSK,0
>sp|P24864|S|302,LDLCVLDVDCLEFPYGILAASALYHFSSSELMQKVSGYQWC,0
>sp|Q5S007|S|2058,FRAPEVARGNVIYNQQADVYSFGLLLYDILTTGGRIVEGLK,0
>sp|O94761|S|520,LVLPTGAGKSLCYQLPALLYSRRSPCLTLVVSPLLSLMDDQ,0
>sp|P25205|S|86,LNNAFEELVAFQRALKDFVASIDATYAKQYEEFYVGLEGSF,0
>sp|Q03468|S|687,TPHRIILSGSPMQNNLRELWSLFDFIFPGKLGTLPVFMEQF,0
>sp|Q13009|S|394,STGDAARQGVYENFRRELEMSTTNSESLEEAGSAHSDEQSS,0
>sp|Q9NP87|T|48,PGVAIYLVEPRMGRSRRAFLTGLARSKGFRVLDACSSEATH,0
>sp|P08621|T|84,EERMERKRREKIERRQQEVETELKMWDPHNDPNAQGDAFKT,0
>sp|Q14C86|S|191,LRRGTCAFSILFKLFSEGLFSAKLFLTATLHEPIMQLLVED,0
>sp|Q9C0C9|S|1144,EQEIRQHFSTGGWRLVNRIESWLETHALLEKAQALPNGVPK,0
>sp|Q6P1N0|S|262,LAKPQMPPGPCSPGPLAQLQSRQRDYKLAALHAKQQGDTTA,0
>sp|Q9Y3Z3|T|114,LGERKKLLSYIQRLVQIHVDTMKVINDPIHGHIELHPLLVR,0
>sp|Q12879|S|259,ILSEARSLGLTGYDFFWIVPSLVSGNTELIPKEFPSGLISV,0
>sp|P06400|T|497,LNDNIFHMSLLACALEVVMATYSRSTSQNLDSGTDLSFPWI,0
>sp|P33981|S|148,ARDYFQMARANCKKFAFVHISFAQFELSQGNVKKSKQLLQK,0
>sp|Q8ND76|S|268,DMNELERQFLELLQFNINVPSSVYAKYYFDLRSLAEANNLS,0
>sp|P29692|S|93,TSGDHGELVVRIASLEVENQSLRGVVQELQQAISKLEARLN,0
>sp|Q86T82|S|434,ISATAERFSGYMQNDAHEFLSQCLDQLKEDMEKLNKTWKTE,0
>sp|Q05516|T|482,VCDQCGAQFSKEDALETHRQTHTGTDMAVFCLLCGKRFQAQ,0
>sp|P06401|T|874,KAIGLRQKGVVSSSQRFYQLTKLLDNLHDLVKQLHLYCLNT,0
>sp|P09874|S|711,IDLQKMPLGKLSKRQIQAAYSILSEVQQAVSQGSSDSQILD,0
>sp|Q92574|S|753,NAAMKDQLKLQEKDIQMWKVSLQKEQARYNQLQEQRDTMVT,0
>sp|Q86T82|S|818,QQYDMEREREEQELQQALAQSLQEQEAWEQKEDDDLKRATE,0
>sp|P33991|S|772,KVEAIDVEEAKRLHREALKQSATDPRTGIVDISILTTGMSA,0
>sp|Q92574|S|793,TKLHSQIRQLQHDREEFYNQSQELQTKLEDCRNMIAELRIE,0
>sp|Q8NEB9|S|363,QEAKQALELLGKWKPMDVEDSLELLSSHYTNPTVRRYAVAR,0
>sp|Q06481|T|576,EIQEEIDELLQEQRADMDQFTASISETPVDVRVSSEESEEI,0
>sp|Q92879|S|272,PMGGLNAMQLQNLAALAAAASAAQNTPSGTNALTTSSSPLS,0
>sp|Q9BYG3|S|247,TVDSQGPTPVCTPTFLERRKSQVAELNDDDKDDEIVFKQPI,0
>sp|Q16236|S|40,IDILWRQDIDLGVSREVFDFSQRRKEYELEKQKKLEKERQE,0
>sp|Q5S007|S|1706,ENSEIIIRLYEMPYFPMGFWSRLINRLLEISPYMLSGRERA,0
